date_dt,cost_sum_amount,day7_prediction,day90_prediction,day180_prediction,recycle_worths_90day,recycle_worths_180day,revenue_d90,revenue_d180
2023-06-01,5188.44,0.2106,0.7124818313001687,0.8026,3161.7016000000003,4164.2583,3696.6692327910473,4164.241943999999
2023-06-02,5245.33,0.1631,0.557763127015847,0.5991,2394.7758,3142.2735000000002,2925.6516630300325,3142.477203
2023-06-03,5212.25,0.2007,0.6606154476201096,0.6587,2894.9523000000004,3433.1625999999997,3443.292866857916,3433.3090749999997
2023-06-04,5268.55,0.1476,0.4448728510130253,0.4965,2229.6339,2615.7457999999997,2343.8348592046746,2615.835075
2023-06-05,5197.53,0.2663,1.2153,2.2647,6316.7829,11770.7672,6316.558209,11770.846190999999
2023-06-06,5087.26,0.2227,0.684878885412457,0.576,2540.6467000000002,2930.0532,3484.156958603376,2930.26176
2023-06-07,5122.54,0.1865,0.5942545399687302,0.7151,2582.5022,3663.3017,3044.092651171419,3663.128354
2023-06-08,5063.43,0.2247,0.6767448004544123,0.7188,2864.3436,3639.5944,3426.649924964885,3639.593484
2023-06-09,5046.69,0.1865,0.6368185683429702,0.779,2939.3622,3931.4578999999994,3213.825900670784,3931.37151
2023-06-10,4920.43,0.129,0.5808253414302398,0.6795,2696.9466,3343.4704,2857.9104347335947,3343.432185
2023-06-11,4922.26,0.2474,0.8207786949746759,0.7962,3052.708,3919.0007,4040.0861391260487,3919.1034120000004
2023-06-12,4922.65,0.2552,0.9374,1.2459,4614.4897,6133.0355,4614.49211,6133.129634999999
2023-06-13,4934.71,0.2182,0.8698,1.1806,4292.2039,5825.9395,4292.210758,5825.918626000001
2023-06-14,4558.95,0.2368,0.8305,1.057,3786.2475999999997,4818.6434,3786.207975,4818.810149999999
2023-06-15,4842.55,0.209,0.7977310486723711,1.0671,3521.8999,5167.3192,3863.0524897483906,5167.485105
2023-06-16,4634.65,0.2187,0.8216915779155832,1.0527,3727.3302999999996,4878.741,3808.2528715864573,4878.896054999999
2023-06-17,4291.42,0.3556,1.1699963251288585,1.4453,4707.1646,6202.39,5020.945629584487,6202.389326
2023-06-18,4484.18,0.2307,0.9364722298218067,0.9855,3866.7646999999997,4419.2201,4199.31004352235,4419.159390000001
2023-06-19,4789.35,0.1884,0.7532,1.2018,3607.1771999999996,5755.6255,3607.33842,5755.84083
2023-06-20,4932.49,0.322,1.7391803504759176,2.1022,8264.7997,10369.0606,8578.489686918958,10369.080477999998
2023-06-21,5083.16,0.2967,1.067281113560983,1.0543,4584.0734,5359.2474,5425.160665208646,5359.175588
2023-06-22,5110.13,0.2222,0.6711665071654432,0.8918,3286.0324,4557.270399999999,3429.7481032613464,4557.213934
2023-06-23,5059.66,0.2953,1.4197,1.893,7183.261700000001,9577.713099999999,7183.199302,9577.93638
2023-06-24,5102.92,0.4598,1.4367198442707467,1.3479,5757.7687000000005,6878.290300000001,7331.466427726079,6878.225868
2023-06-25,5266.82,0.2805,1.5930522799386366,1.3312,6214.6147,7011.4099,8390.31960902641,7011.190783999999
2023-06-26,5009.01,0.3369,1.2405,1.5611,6213.7856,7819.320000000001,6213.676905,7819.565511
2023-06-27,5024.4,0.2197,0.8467,1.0241,4254.3561,5145.644899999999,4254.159479999999,5145.488039999999
2023-06-28,5083.0,0.3025,1.0288443002738912,1.5029,4948.0139,7639.1902,5229.615578292189,7639.240699999999
2023-06-29,4591.84,0.3191,1.0451169467038022,1.1986,4373.4358,5503.75,4799.009800552387,5503.779424
2023-06-30,5051.38,0.2381,0.727,1.23,3672.5323000000003,6213.0122,3672.35326,6213.1974
2023-07-01,5252.42,0.3055,0.950568720278964,1.1931,4681.5059,6266.5701,4992.786157767636,6266.662302000001
2023-07-02,5091.63,0.29,1.3290269978238631,1.4263,6174.148,7261.993,6766.9137329299165,7262.191868999999
2023-07-03,4742.74,0.372,1.1520094136150458,1.2882,4894.340499999999,6109.5359,5463.681126328622,6109.597667999999
2023-07-04,4352.28,0.3103,0.9300944229427109,1.0525,3399.5896000000002,4580.8267,4048.031355085102,4580.7747
2023-07-05,4360.24,0.274,1.0846,1.8774,4729.2428,8185.702700000001,4729.116304,8185.914575999999
2023-07-06,4536.46,0.2723,1.3583752845139392,1.0902,4275.399200000001,4945.6457,6162.215143186105,4945.648692000001
2023-07-07,4455.03,0.3924,1.191517897116165,1.092,4151.8023,4864.9436000000005,5308.247977189429,4864.89276
2023-07-08,4783.4,0.3332,1.1243302130150588,1.1736,4725.0707,5613.6185,5378.121140936231,5613.798239999999
2023-07-09,4216.5,0.3187,1.0271,1.5737,4330.5596,6635.7152,4330.76715,6635.506050000001
2023-07-10,4840.73,0.3059,0.9215045046998508,0.7933,3549.2233,3839.9942,4460.754501035708,3840.151109
2023-07-11,4826.08,0.3937,1.1015039121218706,1.4204,4899.387500000001,6855.1124,5315.946000213117,6854.964032000001
2023-07-12,5333.72,0.351,1.2615,1.6906,6728.35,9017.0003,6728.48778,9017.187032000002
2023-07-13,4149.48,0.4692,1.3915748700144415,1.3937,4972.8965,5782.954299999999,5774.312091627524,5783.130275999999
2023-07-14,4635.66,0.3989,1.1745282780457298,1.0968,4196.864,5084.3916,5444.713757405468,5084.391888
2023-07-15,4043.99,0.4723,1.4140272808672738,1.6272,5167.8051000000005,6580.4439,5718.312183554446,6580.380528
2023-07-16,4167.83,0.2888,1.0779588904049955,1.1105,4239.731199999999,4628.2162,4492.749402196652,4628.375215
2023-07-17,4677.15,0.352,1.0526468005332452,1.162,4002.741,5435.0475,4923.386983114067,5434.8483
2023-07-18,4283.8,0.3745,1.2968134986190165,1.2739,4514.7473,5457.0054,5555.2896653841435,5457.132820000001
2023-07-19,3003.75,0.6118,2.3528,2.8594,7067.3279,8588.9127,7067.222999999999,8588.92275
2023-07-20,4657.5,0.3714,1.0348058128187931,0.9442,3709.0711,4397.5418,4819.608073203529,4397.6115
2023-07-21,4206.3,0.5526,1.4857768673229075,1.5147,4958.933,6371.4663,6249.623237020346,6371.28261
2023-07-22,4970.53,0.3635,1.5857981724281616,1.8313,6932.6387,9102.445600000001,7882.2573899993495,9102.531588999998
2023-07-23,4615.47,0.3788,1.0164828002826656,1.0237,3687.9524,4724.7188,4691.545870220635,4724.8566390000005
2023-07-24,4436.68,0.4007,1.2826304418403531,1.203,4824.4634,5337.439600000001,5690.620828704258,5337.326040000001
2023-07-25,5700.16,0.3976,1.1668225774043546,1.2063,5478.5212,6875.9336,6651.0753828172055,6876.103007999999
2023-07-26,6351.72,0.4706,1.5033455154393747,1.2744,7066.0967,8094.381399999999,9548.829777326586,8094.631968000001
2023-07-27,5470.24,0.5761,1.5993850856687695,1.9166,8529.101,10484.2544,8749.020271028729,10484.261984
2023-07-28,6855.65,0.2507,0.6870300570517612,0.8675,4010.7611,5947.2808,4710.037610626907,5947.276375
2023-07-29,7540.4,0.3005,0.8523212704430572,0.8526,5517.8018,6429.314899999999,6426.843307648828,6428.94504
2023-07-30,7821.1,0.2865,0.7644796610629684,0.8435,5409.253299999999,6596.8597,5979.071877139582,6597.09785
2023-07-31,7470.97,0.2544,0.9322836312192869,1.0993,6946.4785,8213.1952,6965.063040330357,8212.837320999999
2023-08-01,7687.5,0.2448,1.0752,1.3963,8265.807099999998,10733.7718,8265.6,10734.056250000001
2023-08-02,6066.05,0.6648,2.1528417316055197,1.9821,9998.0751,12023.7749,13059.245586005663,12023.517705
2023-08-03,7387.43,0.3681,1.1194,1.4042,8269.5327,10373.688999999998,8269.489142,10373.429205999999
2023-08-04,9618.04,0.4748,1.409401215411768,1.7157,12862.9,16501.2571,13555.677265879003,16501.671228000003
2023-08-05,11093.62,0.4044,1.4204,1.7194,15757.511999999999,19074.8907,15757.377848000002,19074.370228000003
2023-08-06,10427.29,0.3733,1.2097626953103384,1.4485,12559.9288,15103.8333,12614.546455182539,15103.929565
2023-08-07,11961.58,0.3555,1.1585354198943738,1.1827,12609.513299999999,14146.6302,13857.914107900144,14146.960666
2023-08-08,12578.09,0.3603,1.1966830029356552,1.3361,13911.6156,16805.152,15051.986512394935,16805.586049
2023-08-09,11606.52,0.2912,1.0425686951059365,1.1909,11740.75,13822.2598,12100.594411120956,13822.204668000002
2023-08-10,11476.81,0.383,1.2564038555062151,1.2819,12036.813900000001,14712.3616,14419.508332912284,14712.122739
2023-08-11,13020.2,0.3085,0.8641508769935045,0.8465,9027.177300000001,11021.2881,11251.417248630827,11021.599300000002
2023-08-12,10755.99,0.3383,1.0642,1.4461,11446.7824,15554.2323,11446.524558000001,15554.237138999999
2023-08-13,10711.56,0.3862,1.074399408183558,1.3577,10885.6035,14542.947900000001,11508.493724722672,14543.085011999998
2023-08-14,13561.93,0.6239,2.0041,2.3569,27179.215,31963.868899999998,27179.463913000003,31964.112817
2023-08-15,12497.44,0.4337,1.2395169084335316,1.5337,15297.361300000002,19166.8195,15490.788192133556,19167.323728000003
2023-08-16,13694.57,0.425,1.3564,1.5697,18575.4582,21496.801,18575.314748,21496.366529000003
2023-08-17,12855.39,0.5214,1.4636424425142707,1.9073,18471.0606,24518.622,18815.69441907353,24519.085347
2023-08-18,15852.42,0.4192,1.1909651849328466,1.7827,18464.3047,28260.0601,18879.680316933158,28260.109134
2023-08-19,18675.36,0.4423,1.2585891576638308,1.325,19937.6507,24744.408499999998,23504.6056114688,24744.852
2023-08-20,17625.83,0.388,1.1108585781187204,1.1992,16583.017,21136.8046,19579.804451962285,21136.895336
2023-08-21,17778.31,0.3539,0.9685399809205563,1.1771,16869.3023,20927.3596,17219.004028199735,20926.848701000003
2023-08-22,17444.9,0.3708,1.1570921015825624,1.3346,18133.627999999997,23281.7402,20185.356002897643,23281.96354
2023-08-23,18685.13,0.3823,1.1586162822372479,1.2869,19912.5782,24046.2848,21648.89585371967,24045.893797
2023-08-24,19822.5,0.3979,1.3682676446945479,1.6931,26075.469399999998,33561.010800000004,27122.485386957676,33561.47475
2023-08-25,17986.46,0.4008,1.40340806357001,1.7217,24184.1427,30967.9298,25242.34299907944,30967.288182
2023-08-26,20592.3,0.3669,1.0762353639933155,1.1787,18540.75,24271.9307,22162.16148595955,24272.14401
2023-08-27,21399.04,0.3565,1.033464220120737,1.2013,20670.569,25707.2445,22115.142184932454,25706.666752
2023-08-28,20341.06,0.3393,0.9870916461664534,1.0583,18326.1908,21526.0397,20078.490400170598,21526.943798
2023-08-29,16782.56,0.3894,1.1645,1.4899,19543.056,25003.5904,19543.29112,25004.336144
2023-08-30,20130.21,0.3785,1.076977586928763,1.1427,18924.6945,23002.6914,21679.784990169253,23002.790967
2023-08-31,20806.8,0.3402,0.962683777456328,1.2255,19444.946799999998,25499.691600000002,20030.368820778327,25498.7334
2023-09-01,18156.1,0.3621,1.049814288530042,1.147,17032.1021,20824.7823,19060.533203980296,20825.0467
2023-09-02,21019.76,0.3559,1.0038657972849503,1.1571,19472.4261,24322.535499999998,21101.018131138306,24321.964296
2023-09-03,20015.57,0.3805,1.0394959509619874,0.9844,17046.115400000002,19704.165800000002,20806.103971196226,19703.327108
2023-09-04,19681.51,0.3276,0.9137936664771357,0.8684,15611.6371,17090.4829,17984.83918470641,17091.423283999997
2023-09-05,18100.85,0.3265,0.9359289265821435,1.0523,15076.2351,19047.039200000003,16941.109110724392,19047.524455
2023-09-06,19983.76,0.3254,0.9189521866679647,1.0323,16846.837399999997,20629.4709,18364.119949847805,20629.235448
2023-09-07,16456.13,0.2978,0.842292858748877,0.8043,11349.7929,13236.2754,13860.880781643158,13235.665359
2023-09-08,21352.59,0.3814,1.0128619018082328,0.9167,16392.301700000004,19574.3432,21627.224915931452,19573.919253
2023-09-09,22316.55,0.3558,1.2105,1.5462,27015.196,34506.3229,27014.183774999998,34505.84961
2023-09-10,10918.94,0.3554,0.9552596964590043,1.1331,9772.2624,12372.2357,10430.42331005408,12372.250914
2023-09-11,11340.49,0.3006,0.7764718216227767,0.7597,6948.0926,8614.8983,8805.570928394884,8615.370253000001
2023-09-12,9583.88,0.3457,1.0067876734693366,1.3942,9226.170600000001,13361.6644,9648.932248009305,13361.845496
2023-09-13,10439.77,0.3488,0.9985872348819383,1.1574,9799.5913,12083.2928,10425.021057103413,12082.989798
2023-09-14,11948.96,0.2902,0.8219,1.0134,9821.121099999998,12109.1317,9820.850223999998,12109.076064
2023-09-15,11200.02,0.3034,0.8796272703838234,1.0073,9308.7472,11282.2555,9851.84302084423,11281.780146000001
2023-09-16,11359.6,0.2976,0.9460251837914921,1.005,9513.628200000001,11416.8226,10746.467677797835,11416.398
2023-09-17,11294.69,0.2483,0.7336315186831147,0.8458,8023.973199999999,9553.4106,8286.14057775499,9553.048802000001
2023-09-18,11078.89,0.289,0.8050125817012143,0.9456,8622.4514,10476.409000000001,8918.645841283766,10476.198384
2023-09-19,11459.29,0.3402,1.0375716666101558,1.0487,10020.0262,12017.6319,11889.834623469093,12017.357423000001
2023-09-20,11516.18,0.2642,0.7936,1.171,9139.5894,13485.514799999999,9139.240448,13485.44678
2023-09-21,10141.21,0.4278,1.2751306504551383,1.1415,10536.1134,11576.073699999999,12931.367703702152,11576.191214999999
2023-09-22,9774.29,0.3899,1.0044507989379736,0.9672,8565.0513,9453.9874,9817.793399551447,9453.693288
2023-09-23,10088.13,0.3437,0.9652,1.291,9736.625,13024.0548,9737.063075999999,13023.775829999999
2023-09-24,10184.81,0.3165,0.8444834383619837,0.919,7914.0218,9359.8012,8600.903367863515,9359.84039
2023-09-25,9761.01,0.3686,0.8756538826791508,0.7692,6570.7801,7508.213000000001,8547.266305370018,7508.168892
2023-09-26,10025.06,0.3354,0.9203548453292848,0.9529,8446.7511,9553.0019,9226.6125457168,9552.879674
2023-09-27,10587.97,0.4218,1.1357744368932072,1.3852,10890.018300000002,14666.580600000001,12025.545664592171,14666.456043999999
2023-09-28,10873.34,0.3357,0.8966166365495091,0.8798,8709.9661,9566.8734,9749.217538859239,9566.364532
2023-09-29,10238.51,0.3422,0.8807813559089418,0.8586,7207.0293,8790.5612,9017.88872028726,8790.784686
2023-09-30,9733.85,0.4401,1.3898,1.7647,13527.777999999998,17177.467,13528.10473,17177.325095
2023-10-01,11338.96,0.3716,1.0925,1.4676,12388.1142,16641.552200000002,12387.8138,16641.057696
2023-10-02,9801.23,0.4048,1.0366220121495517,1.1469,9506.8857,11241.4312,10160.17076414055,11241.030687
2023-10-03,10871.32,0.3607,0.8943335561280839,1.0836,9054.9504,11779.8287,9722.58627540636,11780.162352
2023-10-04,8798.79,0.4172,1.1046048675843774,1.2401,9487.381399999998,10911.6717,9719.186262852745,10911.379479000001
2023-10-05,10120.21,0.2763,0.8224522406149197,0.9423,7326.3707,9536.202000000001,8323.389389993516,9536.273883
2023-10-06,11340.36,0.3979,1.0256611127754813,1.1206,10431.6951,12707.6547,11631.366256874559,12708.007416
2023-10-07,11855.94,0.3276,0.8425315994762957,0.8563,8715.4586,10152.1752,9989.004091494995,10152.241422
2023-10-08,13945.19,0.3334,0.8464093586508541,0.8817,10470.619,12295.9902,11803.339324164304,12295.474023
2023-10-09,15785.78,0.2909,0.9342,1.2667,14746.800000000001,19996.0975,14747.075676,19995.847526
2023-10-10,14304.32,0.2552,0.6848,0.8375,9795.6276,11979.4188,9795.598336,11979.868
2023-10-11,12197.37,0.3335,0.832091350930816,0.8982,9380.3026,10956.2287,10149.326081103007,10955.677734
2023-10-12,12760.27,0.3396,1.1173,1.6776,14256.8629,21406.5889,14257.049671,21406.628952
2023-10-13,14694.95,0.4945,1.3554,1.674,19916.897699999998,24599.1892,19917.53523,24599.3463
2023-10-14,17407.38,0.3299,0.834706840829355,1.0486,13776.5522,18253.173600000002,14530.059166916099,18253.378668
2023-10-15,22374.09,0.3302,0.8578459497557478,0.9113,17506.4379,20389.2575,19193.522485970578,20389.508217
2023-10-16,19474.79,0.3459,0.9727962829206324,1.1422,18288.2638,22243.4141,18945.003322659904,22244.105138000003
2023-10-17,18569.89,0.3025,0.8898018188031697,0.8736,13497.5062,16222.6574,16523.52189697479,16222.655904000001
2023-10-18,18107.54,0.3096,0.8490854661649763,1.0178,14426.2185,18429.8073,15374.849042000955,18429.854212000002
2023-10-19,18781.32,0.3467,0.874123632398414,0.9328,13814.1129,17518.863100000002,16417.19565963698,17519.215296
2023-10-20,13706.09,0.3906,1.0733039768603292,1.3767,14506.3375,18869.2711,14710.80090420559,18869.174103
2023-10-21,22127.18,0.3943,0.9790656737016176,0.9056,17101.7847,20037.8186,21663.962393816957,20038.374208
2023-10-22,20781.0,0.3293,0.860665357195478,1.1418,17258.077,23727.6862,17885.48678787923,23727.745799999997
2023-10-23,24779.04,0.353,0.8961491603994874,0.966,20577.923,23935.648,22205.715891505315,23936.55264
2023-10-24,22945.46,0.2949,0.9824,1.249,22540.7172,28658.3802,22541.619904,28658.87954
2023-10-25,14923.4,0.3459,1.1903,2.1276,17762.6548,31751.595500000003,17763.32302,31751.025840000002
2023-10-26,17366.44,0.3639,1.0671730154755183,1.1776,16733.4337,20450.816300000002,18532.99614287466,20450.719743999998
2023-10-27,24491.99,0.2684,0.7040488086258373,0.8035,15854.411200000002,19678.613400000002,17243.55638037592,19679.313965
2023-10-28,16169.62,0.279,0.747,0.9154,12078.7613,14802.3602,12078.70614,14801.670148000001
2023-10-29,19831.79,0.2947,0.7934750396088365,0.8985,14071.0736,17818.2174,15736.030355764127,17818.863315
2023-10-30,17851.02,0.3452,1.0251714473676492,1.1922,17406.3562,21281.4257,18300.356010388852,21281.986043999997
2023-10-31,19938.79,0.2883,0.8457823634306775,0.8577,15091.4587,17101.1641,16863.87693014796,17101.500183
2023-11-01,16954.59,0.3367,1.1188,1.416,18969.0048,24006.8583,18968.795292,24007.69944
2023-11-02,15241.07,0.3674,1.1853,1.7113,18064.9356,26081.4932,18065.240271,26082.043091
2023-11-03,15917.46,0.3387,0.8280610462529033,0.95,12647.5527,15122.2278,13180.628581288738,15121.586999999998
2023-11-04,16655.62,0.3141,0.7948987442825016,0.8043,11345.4513,13396.0597,13239.531423246519,13396.115166
2023-11-05,19496.99,0.2973,0.8011895322989414,0.8872,12051.518,17297.853199999998,15620.78429933714,17297.729528
2023-11-06,25319.78,0.3068,0.8348860824487123,0.8198,18358.993599999998,20756.0524,21139.131932663255,20757.155644
2023-11-07,20497.57,0.291,0.8341,1.2318,17096.0589,25249.8253,17097.023137,25248.906726
2023-11-08,17884.46,0.3722,0.9796709753149753,1.0291,16140.144300000002,18404.8621,17520.886371181663,18404.897785999998
2023-11-09,20963.83,0.2732,0.6816861064793284,0.9316,12979.393699999999,19530.7701,14290.75164959454,19529.904028
2023-11-10,17285.49,0.3626,0.9640325196040269,1.0908,14872.2387,18854.5222,16663.77447729021,18855.012492
2023-11-11,17549.94,0.3496,0.918249194955967,0.9801,15069.5082,17200.9189,16115.218276525522,17200.696193999996
2023-11-12,21655.83,0.3273,0.8192405985184033,0.9318,17436.1807,20177.9107,17741.335130612795,20178.902394
2023-11-13,21041.3,0.2703,0.6797836651563897,0.8053,14251.430199999999,16944.8574,14303.532033655141,16944.55889
2023-11-14,18114.1,0.2625,0.6954878494888852,0.9772,12408.0707,17700.2405,12598.136454426614,17701.09852
2023-11-15,18916.19,0.219,0.5768,0.7582389300002974,10910.168899999999,13382.4605,10910.858391999998,14342.991665282325
2023-11-16,18484.73,0.3023,0.7704195681478644,0.9797463093738041,13927.1918,16757.4287,14240.997703929874,18110.345997271237
2023-11-17,19077.73,0.2936,0.8128806780293397,1.0137269799076227,15355.2649,17770.597899999997,15507.918097660675,19339.609616393052
2023-11-18,21542.53,0.2585,0.7451,1.0210566123806357,16050.8273,19802.3383,16051.339102999998,21996.142703908215
2023-11-19,22971.74,0.2707,0.6985000475426936,0.9319379831006457,15752.694599999999,20008.7779,16045.761482138396,21408.237043912428
2023-11-20,18802.84,0.2616,0.7326,0.9862639055804623,13774.42,16701.391,13774.960584,18544.56241440454
2023-11-21,19981.85,0.2919,0.8364,1.1180994352110294,16712.8445,19363.4456,16712.81934,22341.695199471505
2023-11-22,19704.29,0.2766,0.6846908796434612,0.9694,13481.4727,19100.910099999997,13491.347652849856,19101.338726
2023-11-23,16064.45,0.258,0.629053625249195,0.8348614234416963,8532.4406,9600.4314,10105.40051013443,13411.58959380796
2023-11-24,19213.07,0.2196,0.664,0.878621977712636,12757.941299999999,13431.161,12757.47848,16881.025561331313
2023-11-25,21357.18,0.2847,0.7522,0.9956988204998525,16064.862799999999,20433.0756,16064.870796,21265.31893520304
2023-11-26,17130.37,0.2504,0.614981997241878,0.815651089573453,9538.5458,10735.9172,10534.869156092349,13972.404955296392
2023-11-27,25097.15,0.2444,0.5826032533181931,0.7704777021349583,11762.7984,13963.5129,14621.68123901469,19336.794462136368
2023-11-28,20234.68,0.2385,0.6213624583854238,0.8277312062652628,12164.9726,14616.9367,12573.070509442368,16748.876084791587
2023-11-29,15302.7,0.3105,0.7971385136878306,1.060734650839451,11225.394100000001,12429.1296,12198.371533410766,16232.104141400869
2023-11-30,16817.54,0.3669,0.8994102281718522,1.1961346429247486,12055.629500000001,12765.6615,15125.867488689253,20116.042202772678
2023-12-01,17221.1,0.2915,0.6739350985410234,0.8892702216688955,9644.9526,12512.419600000001,11605.903725484817,15314.211414382215
2023-12-02,21322.65,0.2646,0.6484,0.864997528326819,13825.907299999999,15951.161100000001,13825.60626,18444.039547377848
2023-12-03,19145.41,0.2911,0.6950082701646673,0.9244142008597956,12085.714199999999,14101.998599999999,13306.218285693321,17698.28888528314
2023-12-04,17311.2,0.3561,0.8447699972511012,1.1171333859757537,12446.0027,14247.0549,14623.982376413265,19338.91947130347
2023-12-05,20625.05,0.2407,0.60622768846207,0.8034603791580827,10699.9834,11635.3986,12503.476385914617,16571.410493154413
2023-12-06,18284.45,0.2807,0.7070890228149537,0.9373834205013057,11448.490899999999,15210.019100000001,12928.73388320888,17139.5402829851
2023-12-07,19067.25,0.2318,0.5875541780194867,0.7757081901093712,9945.2888,11808.1648,11203.042400842058,14790.621987862907
2023-12-08,18388.63,0.2452,0.6452,0.846856444533926,11865.1252,13337.0529,11864.344076000001,15572.529821649887
2023-12-09,17418.51,0.2471,0.7558051041205044,0.9904582455814885,12860.549599999998,14451.7991,13164.998764174046,17252.306855243613
2023-12-10,19775.27,0.2892,0.6868598595056873,0.8975396690784243,12226.0782,14717.7174,13582.839173887032,17749.08929173649
2023-12-11,17052.72,0.3652,1.567,2.0609212810251054,26721.0506,31403.4208,26721.612240000002,35144.313547362435
2023-12-12,16412.98,0.2589,0.7025,0.9225558554311118,11529.6924,14896.547199999999,11530.11845,15141.89080407373
2023-12-13,14589.38,0.2095,0.505704405933171,0.6704973022028909,6514.1095000000005,7460.1029,7377.913745833286,9782.139930812813
2023-12-14,18448.57,0.2387,0.6134459683701571,0.8136004717656677,9414.9329,10297.7523,11317.200888694628,15009.765255401944
2023-12-15,19289.16,0.2742,0.7901,1.0441882635450546,15240.8833,17516.2321,15240.365316000001,20141.514485642725
2023-12-16,12810.69,0.3234,0.8117876460090789,1.07104644609433,9828.5796,10556.865600000001,10399.559878852047,13720.843996516174
2023-12-17,15237.13,0.2753,0.7493163305191243,0.989242895225766,10005.026699999999,11923.781599999998,11417.430339242863,15073.222596131376
2023-12-18,18928.9,0.2644,0.6299867471328626,0.8390983458997797,10016.8457,11500.1795,11924.956137803245,15883.208679702342
2023-12-19,17571.36,0.2731,0.7002048284334225,0.9292158873312607,11729.280499999999,14642.3964,12303.551114141903,16327.58687401702
2023-12-20,17645.19,0.2563,0.6686287143707458,0.8845066239964384,11005.3041,13088.3877,11798.08070452754,15607.287436675713
2023-12-21,17081.36,0.2552,0.7372,0.9726027159041586,12592.2077,14448.3789,12592.378592,16613.37712733666
2023-12-22,13315.23,0.3053,0.7782363196223988,1.0309902869997989,8984.6992,9823.610400000001,10362.395590125752,13727.872799168332
2023-12-23,13368.77,0.257,0.598772391711372,0.789605764087519,7641.113900000001,8283.9591,8004.850387139239,10556.057850760302
2023-12-24,12516.52,0.3063,0.7616078525929734,1.0058321079825694,8625.753,9959.7115,9532.679919137003,12589.51769620599
2023-12-25,11793.01,0.2933,0.9097,1.2018348163644548,10727.616399999999,13814.239000000001,10728.101197,14173.25000773418
2023-12-26,11533.43,0.244,0.5848728816549319,0.7705436223122815,5406.8015,5939.16,6745.590439465442,8887.010929885137
2023-12-27,13942.56,0.2481,0.6184,0.8132253909784811,8622.5991,9883.9167,8622.079103999999,11338.443807240932
2023-12-28,13063.04,0.3289,0.7763167365744925,1.0201738722414342,9545.6725,11486.5168,10141.05658254206,13326.572100044745
2023-12-29,12978.7,0.271,0.7214305230579545,0.9445571482925803,8912.6021,9756.979000000001,9363.230329612275,12259.123860544913
2023-12-30,15936.82,0.3014,0.7216941449623723,0.9456471889574182,11474.5471,12888.6423,11501.509683319233,15070.60903392036
2023-12-31,16895.05,0.2747,0.7595635068982921,0.9936607846844209,12171.8115,13011.791700000002,12832.86342722199,16787.948640282524
2024-01-01,15282.8,0.2856,0.6760754374682449,0.8831601806349862,9720.0191,10763.4124,10332.325695739693,13497.160408608368
2024-01-02,16032.03,0.285,0.7091684355969726,0.9246774999650972,9381.279,10242.890599999999,11369.409634543734,14824.457419765438
2024-01-03,15040.75,0.2501,0.5918297698468172,0.7714597660762882,7912.6275000000005,8749.9806,8901.563610823516,11603.333476611931
2024-01-04,14739.26,0.3091,0.7468808282884019,0.9737081733117924,9620.358400000001,11049.284300000001,11008.47071715811,14351.73793056757
2024-01-05,13065.58,0.2795,0.8789629121767679,1.1455308254146144,9676.185,10566.9869,11484.160246078536,14967.024641920678
2024-01-06,17199.63,0.3173,0.9328,1.2122929624529097,16043.3909,18388.8004,16043.814864,20850.990405793942
2024-01-07,16447.62,0.3057,0.7302321175475318,0.9484392060296253,11214.743999999999,12604.2633,12010.580381217134,15599.567653876984
2024-01-08,16137.88,0.2993,0.859,1.1133339831226874,13862.298999999999,16386.1778,13862.438919999999,17966.850219555952
2024-01-09,17012.24,0.246,0.6407699303900842,0.8297384064566059,9639.0625,11202.5116,10900.931840579407,14115.70890785733
2024-01-10,13673.51,0.2898,0.4676,0.6118,6394.140899999999,8365.3866,6393.733276,8365.453418000001
2024-01-11,14314.34,0.4873,1.1090146385781492,1.4371656954711176,12414.5698,13687.5681,15874.812601584745,20572.07840131004
2024-01-12,13073.07,0.2748,0.7051283744746707,0.9128756053764346,8492.8768,8826.87,9218.192598493582,11934.086690378506
2024-01-13,12944.29,0.2709,0.6988488345624778,0.9034590996564154,8357.452099999999,9679.5596,9046.101980738737,11694.636589091542
2024-01-14,14367.95,0.2648,0.6416583471568064,0.829584924322698,8752.121599999999,10238.323100000001,9219.315049031637,11919.43471342231
2024-01-15,12232.52,0.2961,0.8572797434117575,1.1071280803243064,10019.9076,11448.6355,10486.691606879192,13542.966385128686
2024-01-16,11516.21,0.2543,0.6749397993279815,0.8712559797585354,6283.2555,6894.8894,7772.748466418893,10033.566826655042
2024-01-17,10569.25,0.2923,0.6754624532623943,0.8718474959154271,5298.5373,6058.4396,7139.131534143561,9214.774146204129
2024-01-18,10587.73,0.3491,0.8416536488964556,1.085334172417262,8050.8032,8797.0546,8911.20158803047,11491.225177327417
2024-01-19,10031.97,0.2774,0.7350745921785997,0.9469437436983582,6785.022000000001,7973.5258,7374.246256497947,9499.711228469618
2024-01-20,11908.74,0.2686,0.698963009294322,0.8987140553822908,7473.5221,8831.837599999999,8323.768747303664,10702.5520198933
2024-01-21,10251.65,0.238,0.5796218324184113,0.7446143199527686,5394.5315,6522.4864,5942.080158312206,7633.5253931438
2024-01-22,9545.63,0.4486,1.0799723863860369,1.3857352009430794,8063.9164,8728.812399999999,10309.016810658144,13227.715506178287
2024-01-23,10087.37,0.2153,0.5409159642544016,0.693596892222273,5348.9596,5546.751200000001,5456.419470340923,6996.5684826961915
2024-01-24,9712.7,0.317,0.9826338302533673,1.2586661907286292,8849.3086,8995.3491,9544.02760310188,12225.047110689957
2024-01-25,9369.79,0.3533,0.8328631879717056,1.0673720265799596,7783.516,9926.0334,7803.753170025408,10001.05174092864
2024-01-26,8775.02,0.2492,0.673,0.8639186828944951,5906.022800000001,6863.6627,5905.588460000001,7580.903720772853
2024-01-27,9080.83,0.3941,0.8907135902424415,1.1434294906156983,7025.181199999999,7766.198399999999,8088.41869168127,10383.288821267752
2024-01-28,8270.27,0.3635,1.0281580369788506,1.3110298411234507,6638.419400000001,8119.5777,8503.144568485079,10842.57076414804
2024-01-29,8925.28,0.3573,1.0309,1.3145823838971948,9201.320899999999,11128.9269,9201.071152,11733.015859349956
2024-01-30,7329.53,0.3459,1.003707783515773,1.2786195194812924,6483.5769,7911.440100000001,7356.706310512363,9371.680126623716
2024-01-31,7928.93,0.3249,0.8504646336018101,1.0865161062009563,6232.4082,6817.345,6743.274547304401,8614.91014993995
2024-02-01,9010.06,0.3208,0.8246901833296555,1.0524673052062863,7074.5765,7726.0336,7430.508033211196,9482.793567946952
2024-02-02,10549.39,0.2662,0.7371863725686709,0.9411577846612508,7734.5895,8851.5032,7776.866546912211,9928.640521927551
2024-02-03,9314.25,0.2975,0.74580186861352,0.9517023606337682,6065.4095,6757.4852,6946.585054733479,8864.393712533076
2024-02-04,10585.84,0.3187,0.7647204144278384,0.9753569254545993,7960.276099999999,9613.5674,8095.20795186679,10324.972355754315
2024-02-05,10133.16,0.3576,1.1043,1.406141862866187,11189.8912,12561.0254,11190.048588,14248.660479121132
2024-02-06,9616.05,0.3314,0.7748110476303302,0.9867498886119386,7016.025900000001,7760.0398000000005,7450.621774565636,9488.636266386831
2024-02-07,10241.5,0.3467,0.850912322159741,1.0814294467973729,7891.5571,8751.8421,8714.618547398988,11075.459679375293
2024-02-08,10775.97,0.4359,1.4014375343951166,1.781096779618741,13823.855800000001,17147.0943,15101.848827515743,19193.04546426816
2024-02-09,11908.34,0.3378,0.9141228596007851,1.160811875133846,9760.9967,13280.205300000001,10885.685813898413,13823.342485131385
2024-02-10,11086.21,0.3702,0.8626,1.095771680523043,9562.6304,10511.953099999999,9562.964746,12147.954962331365
2024-02-11,10926.15,0.3796,1.0906,1.3805465827885095,11916.5797,14470.4995,11916.05919,15084.059045534672
2024-02-12,12020.1,0.3472,0.7961408903777069,1.0073643788157554,8260.3478,9277.0612,9569.693116429075,12108.62056980326
2024-02-13,13392.48,0.3563,1.0467811904626163,1.3265996933659177,13296.5813,14769.3561,14018.99615764678,17766.459861409185
2024-02-14,14328.47,0.4001,1.1367911573363123,1.43804065513682,14148.893199999999,14749.814000000002,16288.47799415863,20604.92238590827
2024-02-15,14139.4,0.3061,0.7245729283358507,0.9157238217088943,8729.1142,9611.8976,10245.026462911928,12947.78540467074
2024-02-16,16657.35,0.2971,0.8560924519769052,1.0814732705893417,13457.2713,15698.2635,14260.2316049375,18014.47878385137
2024-02-17,14481.87,0.3493,0.8590351078252048,1.0847873709303373,9665.1459,10326.574,12440.434756960598,15709.749683454924
2024-02-18,16100.01,0.3958,0.9188731962227078,1.16041511564892,11399.244999999999,12591.2323,14793.867647917557,18682.694966098767
2024-02-19,16268.89,0.3355,0.7612258831815629,0.9614886509321368,11160.6703,14597.9072,12384.300158633696,15642.35309826333
2024-02-20,14735.91,0.4619,1.0713485295927596,1.3474972060128443,14835.144400000001,17686.421,15787.295510711243,19856.59755305673
2024-02-21,13284.99,0.3509,0.8905096399933817,1.1192376790349874,11108.0723,12033.052399999999,11830.411662215676,14869.061373603017
2024-02-22,12227.56,0.4329,1.0364177810366915,1.2965709034635353,11920.3642,12717.944899999999,12672.860602693007,15853.898516354586
2024-02-23,12342.22,0.3179,0.7125836515776939,0.8907222060062567,8014.8655,8496.1617,8794.864196175244,10993.489425414542
2024-02-24,13253.17,0.4069,1.0253271154449901,1.282568050294593,12617.8441,13483.2572,13588.83456660208,16998.092407122793
2024-02-25,13072.35,0.3997,1.0379,1.3389,13568.0,17502.288699999997,13567.792065000001,17502.569415
2024-02-26,14413.92,0.4309,1.0237731854402259,1.281856908925174,11558.749,12331.2403,14756.584793080581,18476.582936694744
2024-02-27,14723.12,0.3416,0.7837235760094448,0.9757963135687672,10015.8272,11402.8841,11538.856256416177,14366.766220230587
2024-02-28,13694.16,0.3237,0.7347644875201486,0.9154107319062663,6936.8758,7119.4423,10061.982454418918,12535.781028441515
2024-02-29,12793.45,0.3434,0.7914592267256486,0.9863585711275631,7943.287700000001,8609.465199999999,10125.494044153249,12618.929061791923
2024-03-01,14173.62,0.2623,0.6418132441809555,0.7998844087924053,8080.5765,9477.641,9096.817033988076,11337.257654148212
2024-03-02,14142.06,0.2922,0.722,0.8965943952738418,10210.384100000001,11240.4287,10210.56732,12679.691733626387
2024-03-03,13475.95,0.3235,0.68997185466302,0.8579617527416402,8862.8547,9558.5163,9298.026214846124,11561.849681858706
2024-03-04,12549.31,0.3285,0.7127482145952803,0.8870507245772714,7016.8032,8281.7575,8944.498296902697,11131.874528444798
2024-03-05,12366.4,0.3348,0.7316236241861798,0.9080546727346368,7760.225700000001,9271.1079,9047.550386135974,11229.367304905612
2024-03-06,11157.68,0.3211,0.7098167325653927,0.880396844845971,6397.0722000000005,6877.3544999999995,7919.9079606102305,9823.186267800995
2024-03-07,10209.91,0.3358,0.7755926444265192,0.9633563042988197,6978.2534000000005,8322.6346,7918.731096256763,9835.781164823562
2024-03-08,9967.64,0.3053,0.6460954214692716,0.8016847090916603,5405.2168,6005.2741,6440.04656685397,7990.904573730397
2024-03-09,11160.64,0.2477,0.5442241965249838,0.67567221899999,5440.2965,6084.163799999999,6073.890336704594,7540.934394260048
2024-03-10,12257.54,0.2312,0.5178913734026356,0.64132416622454,5877.425,6651.6093,6348.074225137742,7861.056620463949
2024-03-11,13599.14,0.3339,0.7277030020315607,0.9025568145676558,9295.5788,11157.201299999999,9896.135003047477,12273.99647925959
2024-03-12,10780.83,0.2989,0.6484807751928274,0.8032308423356779,5576.5449,6405.3532,6991.16099562209,8659.495161977746
2024-03-13,12044.04,0.2576,0.5338884449191752,0.6615498931704152,5384.3303000000005,5733.6625,6430.1737861443435,7967.733375340208
2024-03-14,10773.37,0.2457,0.6951,0.9298,7488.5542000000005,10017.4794,7488.569487000001,10017.079426
2024-03-15,10029.19,0.2516,0.6522,0.9202,6541.2015,9228.8613,6541.0377180000005,9228.860638
2024-03-16,11760.82,0.2664,0.5756811151757462,0.7126576447735239,5702.396500000001,6277.6193,6770.481972981219,8381.438281805355
2024-03-17,10125.36,0.263,0.5809996886869302,0.7208348594664036,5010.0234,5412.3038,5882.831007843096,7298.712452646744
2024-03-18,10838.67,0.3097,0.6694662331280496,0.8296028099175765,7054.0896,7353.628500000001,7256.123577017998,8991.79108776934
2024-03-19,11190.74,0.3032,0.6581939197780623,0.8170819130933681,6948.373799999999,8082.978700000001,7365.677025817153,9143.751248130478
2024-03-20,10300.18,0.2941,0.5599951674827544,0.6950908761943754,5404.1444,6582.459500000001,5768.051024202517,7159.561141159782
2024-03-21,10541.32,0.252,0.5442248302017125,0.6730782855857514,4939.8181,5400.4355000000005,5736.8480871019165,7095.133593410793
2024-03-22,9998.61,0.2652,0.5702976677279442,0.705398761189515,4698.6956,4934.847699999999,5702.183963521301,7053.007107617096
2024-03-23,9549.39,0.24,0.5057,0.642,4829.001,6130.9445,4829.126523,6130.70838
2024-03-24,9537.34,0.3052,0.8871,1.1297,8460.5734,10774.5386,8460.574314,10774.332998
2024-03-25,9092.59,0.2438,0.5669791579554281,0.7016641619674028,4592.6938,5020.194799999999,5155.309021833946,6379.944542463187
2024-03-26,8474.3,0.2346,0.4223314131935805,0.6734,3481.7384999999995,5706.8985,3578.963094826359,5706.59362
2024-03-27,7343.18,0.2413,0.5307156807472528,0.6588758021949455,3770.24,4500.7714000000005,3897.1407725496124,4838.24361316188
2024-03-28,6589.75,0.3709,0.8513550036782362,1.0574500544178924,5101.2561000000005,5529.836300000001,5610.216635488658,6968.331496100306
2024-03-29,5587.99,0.3152,0.72,0.8938327906311488,4023.171,3921.5333,4023.3527999999997,4994.7286957189535
2024-03-30,5692.63,0.2169,0.5401,0.670602931714651,3074.8554,3460.4619,3074.5894630000003,3817.494367166774
2024-03-31,5428.95,0.2675,0.774,1.0311,4202.109,5597.6097,4202.0073,5597.790344999999
2024-04-01,5459.75,0.2432,0.7675576651421827,0.9546374408732695,4051.5806999999995,3927.1834,4190.672962260032,5212.081767807833
2024-04-02,4939.2,0.4385,1.0607,1.3205881041128165,5239.1043,6213.4257,5239.00944,6522.648763834023
2024-04-03,4752.17,0.2914,0.6855978156895589,0.8543378683732855,2780.9492,3373.9925999999996,3258.0773717854513,4059.958787947476
2024-04-04,4960.0,0.2546,0.5211653280998715,0.6490733436032488,2106.679,2230.7779,2584.9800273753626,3219.4037842721136
2024-04-05,4572.77,0.3693,0.78544082464979,0.9783858741209556,3113.7828000000004,3279.4651,3591.6402397338206,4473.933573604082
2024-04-06,5676.41,0.3432,0.6865561205816543,0.8535380317818254,3352.3005,3631.1524999999997,3897.174028430908,4845.031818986671
2024-04-07,5746.97,0.4598,1.0958046137178505,1.3637940114459493,5798.9748,6237.776699999999,6297.556240898076,7837.683269959527
2024-04-08,4783.45,0.4326,1.0387,1.3005423452376472,4968.4869,5609.7547,4968.569514999999,6221.079281327024
2024-04-09,5290.2,0.2407,0.5310148774128953,0.6653614733615394,2423.523,2932.6169,2809.1749044896987,3519.8952663772156
2024-04-10,5881.78,0.2845,0.6135885502821269,0.768081710669602,3285.4671000000003,3730.0308,3608.992863278408,4517.6876441822515
2024-04-11,5101.95,0.3541,1.0281,1.6569,5245.1966,8453.6736,5245.314795,8453.420955
2024-04-12,5309.9,0.2766,0.5587649858631096,0.6972526428020115,2068.5842,2236.1852,2966.9861984345257,3702.3418080144006
2024-04-13,4869.7,0.1433,0.3471,0.43287304808172206,1690.3061,1977.6669000000002,1690.27287,2107.961882243562
2024-04-14,4683.33,0.3268,0.677646873968583,0.8440782302469929,2748.1252000000004,2821.3562,3173.643934263284,3953.0968980626494
2024-04-15,4338.95,0.2509,0.5253682379492012,0.6542646698756253,2181.7595,2465.2494,2279.5465160496865,2838.821689356844
2024-04-16,3601.69,0.1366,0.37729933916173974,0.47112303654430526,684.0638999999999,842.8194000000001,1358.9152568654465,1696.8391294912587
2024-04-17,3419.59,0.2219,0.49509525270343674,0.6175729575519595,1521.1529,1674.3075999999999,1693.0227751921452,2111.8463099151054
2024-04-18,3523.5,0.3391,0.7549754558550194,0.9406822415275194,2586.8419,2882.0564,2660.1560187051605,3314.4938780222146
2024-04-19,3229.84,0.3263,0.7076083296522372,0.882922442015114,2189.0538,2324.2635999999998,2285.4616874439816,2851.6982201180963
2024-04-20,3552.47,0.3647,0.6922617715408317,0.8626721191493723,1961.6617,2392.2693,2459.2391755456583,3064.6168231145703
2024-04-21,3277.17,0.3807,1.5276,1.9101406094818814,5006.2824,5785.7515,5006.204892000001,6259.855501175737
2024-04-22,3254.97,0.5046,1.0207437678508149,1.274357162165773,3161.8552,3430.1228,3322.4903420413666,4147.9943321347255
2024-04-23,3879.15,0.3829,0.929756837591752,1.1645515283526724,3032.7891,3164.6593999999996,3606.6662365440448,4517.470061209269
2024-04-24,3767.87,0.3698,0.789203068423522,0.9880184391627639,2677.4399000000003,2939.8242,2973.6145654209354,3722.725036368203
2024-04-25,4004.23,0.2937,0.5515007437149618,0.6898027788781352,1991.3751000000002,2104.2381,2208.3358230057615,2762.1289812671953
2024-04-26,3557.65,0.3211,0.657696871972164,0.8217810854048537,2014.1417999999999,2155.9903,2339.855276571769,2923.609478490578
2024-04-27,3529.99,0.317,0.6957757453497253,0.8696838109253507,2315.8860999999997,2478.4177,2456.0814233270767,3069.9751557283785
2024-04-28,3632.89,0.2603,0.48059722059791044,0.6029674472995848,1544.1747,1776.5877,1745.9568367379427,2190.514409620189
2024-04-29,3144.31,0.3983,0.7594262454524673,0.9523983916438039,2024.6906,2387.2942,2387.8715378386473,2994.635786829529
2024-04-30,3197.87,0.356,1.4957,2.356,4783.065500000001,7534.3033000000005,4783.054159,7534.18172
2024-05-01,3403.78,0.3563,0.7295769529889781,0.9146551939756207,2422.8716,2885.1025,2483.319441044824,3113.2850561503383
2024-05-02,3113.58,0.3703,1.0144,1.272297225429264,3158.5175,3651.6181999999994,3158.415552,3961.3991951520475
2024-05-03,3316.15,0.2842,0.5506885723244451,0.690638574826369,1436.8803,1535.5084,1826.1659091137087,2290.261109910464
2024-05-04,3172.67,0.2812,0.7247709756228821,0.9084140983283125,2168.5436999999997,2501.8839,2299.459131229449,2882.0981573432873
2024-05-05,3096.86,0.3585,0.756263488000882,0.947020604253869,2082.3105,2185.8239000000003,2342.042145450411,2932.790228489637
2024-05-06,3671.37,0.2539,0.595821972230562,0.7458465635640946,2184.7717,2421.7135000000003,2187.4829141881182,2738.27869807231
2024-05-07,3378.43,0.2911,0.5849154762485553,0.7313060383403199,1673.7616,1804.1843999999999,1976.0959924224067,2470.666259110087
2024-05-08,2965.98,0.276,0.6267,0.7819582329818351,1858.8433,2257.5866,1858.7796660000001,2319.272479859463
2024-05-09,3173.49,0.2832,0.5304351460537424,0.6622920060131666,1541.232,1682.3473,1683.330631650091,2101.777058162724
2024-05-10,2796.28,0.3453,0.7123,0.888618243913896,1991.7113,2362.6603999999998,1991.7902440000003,2484.825423091549
2024-05-11,2933.84,0.3201,0.6693158635526458,0.8349612463548651,1693.1010999999999,1846.3957,1963.6656531252945,2449.6427030057575
2024-05-12,3024.04,0.4661,1.0573135851672522,1.3187835002703334,2767.0603,2933.1466,3197.358574089177,3988.054056157499
2024-05-13,2818.0,0.1316,0.5135,0.8244,1446.9361,2323.2167,1447.043,2323.1592
2024-05-14,2685.38,0.2458,0.726666626560887,0.901161935467688,1880.7765000000002,2075.6046,1951.3760256340747,2419.96223826622
2024-05-15,2815.56,0.2222,0.5376552967681286,0.6682663325728361,1498.4695000000002,1717.6487000000002,1513.8007473684722,1881.5439553387744
2024-05-16,2407.27,0.4243,1.1626,1.5788,2798.7526,3800.5525,2798.692102,3800.597876
2024-05-17,2645.61,0.2682,0.6537434984738936,0.8444,1702.6835,2234.0033000000003,1729.5503369975177,2233.953084
2024-05-18,2730.82,0.3516,0.758505904919381,0.9410707765491394,1980.113,2446.5921999999996,2071.343095271944,2569.894898015921
2024-05-19,2701.74,0.26,0.6022679517980374,0.7467589245765037,1359.3997,1550.8193,1627.1714160908293,2017.548456885323
2024-05-20,2323.84,0.2486,0.5411934161387607,0.6725396063339055,1152.5431,1112.3817,1257.6469081598977,1562.8744387829831
2024-05-21,2273.74,0.2475,0.5514122935997164,0.6839997838655116,1235.1461,1452.4621,1253.768188449419,1555.2376685663683
2024-05-22,3061.04,0.3171,0.6858464634897925,0.8510076867999322,1897.8466999999998,2110.1658,2099.4034586007942,2604.9685696020647
2024-05-23,2269.06,0.2536,0.524617052298485,0.6502428488143666,690.2185,-91.3288,1190.3875686884003,1475.4400385307265
2024-05-24,1983.68,0.4721,1.1199,1.3870303266293482,2221.5261,2660.0949,2221.523232,2751.4243183281055
2024-05-25,2549.59,0.3439,0.7818872445355697,0.9665392920629017,1666.8459,2210.6963,1993.4918997954433,2464.2789136506535
2024-05-26,2144.84,0.3895,1.2947,1.6024572550953269,2776.9109,3263.4343,2776.924348,3437.014419018661
2024-05-27,2327.38,0.3251,0.7868770503394882,0.9721945720086203,1561.9670999999998,1678.0502999999999,1831.361909419118,2262.6662030014227
2024-05-28,2491.34,0.5459,1.3609,1.6986,3390.5095,4231.877,3390.464606,4231.790124
2024-05-29,2678.96,0.3623,0.752830269666633,0.9279182756866826,1949.8498,2089.8344,2016.8021792261231,2485.855943833595
2024-05-30,2398.65,0.4064,0.9273123150477807,1.141099258623568,1418.4863,1534.0317999999997,2224.297684489359,2737.0977366974216
2024-05-31,2636.38,0.3917,1.461,1.7983787260883521,3851.8262,3962.2030000000004,3851.75118,4741.20970588481
2024-06-01,2594.36,0.3159,0.6863099629092828,0.8445397462250072,1763.2493999999997,1485.0991,1780.535115373327,2191.0401360163096
2024-06-02,2144.82,0.5493,1.8111,2.2259088768258546,3884.464,4148.15,3884.483502,4774.17387719363
2024-06-03,2160.84,0.2788,0.8224,1.0103704627267385,1776.9738,2055.5575,1777.074816,2183.2489106784456
2024-06-04,1912.68,0.8207,1.7568044199316815,2.1578367002301775,3107.4379,3345.3444,3360.2046779149287,4127.251099796256
2024-06-05,2098.9,0.4855,1.6328,1.9961398167768833,3427.0344,3631.3295,3427.08392,4189.697861433001
2024-06-06,2099.94,0.2461,0.5662589697101191,0.6910625131301885,1038.1011999999998,960.8846000000001,1189.1098608530676,1451.1898138226081
2024-06-07,2197.02,0.2721,0.7484,0.9409,1644.2392,2067.2488999999996,1644.249768,2067.176118
2024-06-08,1760.44,0.3878,0.7578281091336357,0.9243478884842883,797.523,989.0924000000001,1334.1109164432178,1627.2589968032805
2024-06-09,2111.61,0.243,0.5387985726424129,0.6562969996006828,1073.4093,1267.6660000000002,1137.7324539774456,1385.843307326798
2024-06-10,1763.37,0.5966,1.3066232608947195,1.8162,2179.4826,3202.6332,2304.060259563921,3202.6325939999997
2024-06-11,1711.9,0.3483,1.8367652646639145,2.233959971936309,2961.3280000000004,3036.9606000000003,3144.3584565781553,3824.316075957767
2024-06-12,2057.69,0.3482,0.7002486029001794,0.8499644650681196,1203.7472,1374.5504,1440.8945477016703,1748.963380126019
2024-06-13,2407.6,0.2661,0.6391,0.7741439214307471,1538.5927,1669.6281999999999,1538.69716,1863.8289052366665
2024-06-14,2156.3,0.176,1.7303496466232002,2.093478619659555,3452.4911,3502.0222000000003,3731.152943013607,4514.167947571898
2024-06-15,1812.28,0.268,0.5275849277902137,0.6363159092565889,778.7456,846.7598,956.1316129356485,1153.182596027531
2024-06-16,2249.03,0.2858,0.5982972723859172,0.7796,1071.8535,1753.3263000000002,1345.5885145140996,1753.3437880000001
2024-06-17,2165.27,0.2408,0.8053,0.9685788967768614,1743.6898,2003.6933000000001,1743.691931,2097.2348278240347
2024-06-18,2021.42,0.4281,1.4832,1.7705782042484703,2998.23,3548.6702999999998,2998.170144,3579.082193631943
2024-06-19,2033.46,0.323,0.7044207031978786,0.8396163626827507,1021.0391,1087.6524,1432.4113231247584,1707.3262888608663
2024-06-20,2359.44,0.3515,0.7674995185893627,0.9137725552943505,1496.7264,1705.0857,1810.869064140486,2155.9915178637025
2024-06-21,2480.2,0.3559,0.8695936335431663,1.0340810305768005,1845.84,2041.676,2156.766129913761,2564.7277720365805
2024-06-22,2124.72,0.2424,0.5846,0.694485405235292,1242.1246,1248.943,1242.111312,1475.5870302115295
2024-06-23,2399.45,0.3604,0.714912758366265,0.8589,1527.1707,2060.8244,1715.3974180619343,2060.887605
2024-06-24,2188.2,0.2877,0.7967,0.9477409069104274,1743.4340000000002,932.4623999999999,1743.3389399999999,2073.8466525013973
2024-06-25,2488.23,0.2427,0.5782,0.6923,1438.6306000000002,1722.4918,1438.694586,1722.601629
2024-06-26,2150.72,0.5343,1.2321331967401699,1.4558765116367736,2511.5948,2752.819,2649.973508893018,3131.182731107441
2024-06-27,1834.64,0.2153,0.503581534994677,0.5947626783317451,871.4051000000001,915.2766,923.8908273626341,1091.175400174553
2024-06-28,2240.01,0.301,0.73033293623405,0.862459924689051,1582.8571000000002,1783.8258,1635.9530804936346,1931.9188559027214
2024-06-29,1781.85,0.1975,0.6422,1.0435,1144.3806,1859.4275000000002,1144.30407,1859.3604750000002
2024-06-30,1533.54,0.3324,0.8471519013695936,0.9965226709629654,1141.7143999999998,1438.6735999999999,1299.1413268263266,1528.2073768285459
2024-07-01,2340.28,0.3938,0.8215494820546846,0.9625484911637863,1581.1813,1794.4197,1922.6558218629375,2252.632982900786
2024-07-02,2423.56,0.4682,1.140768393349046,1.3357893764924276,2261.7899,2551.1256,2764.7206473850138,3237.3657012919875
2024-07-03,1973.87,0.3276,0.7013026826674543,0.8179393496923828,982.3193000000001,1115.8793999999998,1384.280326236808,1614.5059441773035
2024-07-04,1672.7,0.275,0.5806,0.676457693446025,971.2404999999999,1127.7004000000002,971.16962,1131.510783827166
2024-07-05,1574.45,0.4875,1.4894,1.7367210993243627,2344.9417000000003,2649.9845,2344.98583,2734.380534831243
2024-07-06,1121.82,1.2242,3.3113845967040905,3.8577565985073963,3443.0343000000003,4039.4797000000003,3714.7774682745826,4327.708507337567
2024-07-07,1553.32,0.1839,0.574245020504203,0.6899,870.5486,1071.666,891.9862752495886,1071.635468
2024-07-08,1928.85,0.4725,1.385765970576096,1.7923,2656.1486,3457.1574,2672.934692345703,3457.077855
2024-07-09,2400.8,0.3036,0.7932,1.0,1904.3839,2400.7052,1904.3145600000003,2400.8
2024-07-10,2342.92,0.3376,1.0233,1.1841506396102135,2397.461,2677.4602999999997,2397.510036,2774.3702165555615
2024-07-11,2139.0,0.3091,1.0134,1.3638,2167.7351,2917.2582,2167.6626,2917.1681999999996
2024-07-12,1981.8,0.1894,0.1521,0.17587476245613604,301.3891,-34.8587,301.43178,348.5486042355704
2024-07-13,2078.2,0.5131,1.5883938659651429,1.8353176614313762,2370.7982,2545.6913,3301.0001322487597,3814.1571639866856
2024-07-14,2273.28,0.3199,0.6156015254250137,0.711367659282337,1318.5251999999998,1468.3212999999998,1399.4346357181753,1617.1378724933513
2024-07-15,2505.41,0.4533,1.2088,1.6337,3028.5558,4092.985,3028.539608,4093.0883169999997
2024-07-16,2173.77,0.4351,0.9158513922581935,1.0533013730587266,1707.7185,976.0326000000002,1990.850280949093,2289.634925713868
2024-07-17,1455.73,0.2178,0.9572875514518511,1.1012154152993263,1358.9516,1415.3693,1393.5522072750032,1603.0723165136883
2024-07-18,2371.1,0.3561,0.7966594695512349,0.9171240524363613,1666.5465,2087.3891999999996,1888.959268252933,2174.592840731856
2024-07-19,2435.51,0.3148,0.7019826488672397,0.8074966275238911,1584.0742,1793.813,1709.6857611426512,1966.6661113007121
2024-07-20,2391.19,0.414,0.9548504306531491,1.098332009019183,2065.828,2200.362,2283.228801273504,2626.3205166465805
2024-07-21,3534.8,0.2704,1.0460436547811116,1.2020346935931114,3422.2664999999997,3917.1701,3697.5551109202734,4248.95223491293
2024-07-22,3353.72,0.3776,0.8369292041863441,0.9606448252659454,2300.2508,2518.9577999999997,2806.826210663826,3221.7337633909065
2024-07-23,3112.81,0.1511,0.5286394462253133,0.6077756696593036,1506.996,1596.3042,1645.5541546046177,1891.8901822721768
2024-07-24,2773.2,0.3388,0.8631,0.9959692305688908,2393.5915,2547.0748,2393.5489199999997,2762.0218702136476
2024-07-25,3228.32,0.3221,0.7122280672707367,0.8198848910604318,1955.7965000000002,2348.1648999999998,2299.300114131465,2646.850791508213
2024-07-26,2701.6,0.8769,1.8326601718642477,2.1238,3999.2543000000005,5737.7748,4951.114720308451,5737.65808
2024-07-27,2554.95,0.3011,0.6736478463767765,0.7756336512709936,1422.1806000000001,1383.0088,1721.136565100345,1981.705197314825
2024-07-28,2452.07,0.3766,0.9338107341832446,1.0747382979559494,1849.0838,1985.6479000000002,2289.7692869687085,2635.333538268845
2024-07-29,2413.97,0.2442,1.8169,5.617,4385.8775,13559.2624,4385.942093,13559.269489999999
2024-07-30,2849.31,0.2691,0.644112695941813,0.7388477147418276,1664.096,1838.7175,1835.276745673967,2105.2061820910367
2024-07-31,2383.95,0.2717,0.648825632845773,0.7440634947192261,1321.5982999999999,1382.2411,1546.7678674226804,1773.8101682358988
2024-08-01,2372.33,0.4038,1.016444782526728,1.1648465966479329,1762.602,2013.7508999999998,2411.3424509316324,2763.4005266257905
2024-08-02,2897.48,0.2878,1.0191,1.5998,2952.7256,4635.3812,2952.8218679999995,4635.3885040000005
2024-08-03,3335.12,0.3601,0.8106329016622941,0.9299594227632274,2103.4637,2042.6951000000001,2703.55800299195,3101.526270046095
2024-08-04,3132.34,0.221,0.5049018313736325,0.5793453796231399,1310.0216,1424.8013,1581.5242024848842,1814.7067064087462
2024-08-05,3868.17,0.2605,0.5815364457253966,0.6655706044971683,1889.2622000000001,2117.0945,2249.481833261608,2574.5402451978116
2024-08-06,3410.01,0.306,0.7057665214820624,0.8069745483869518,1513.9378000000002,1519.3618999999999,2406.670895919048,2751.79127974499
2024-08-07,3329.89,0.2704,0.6489308346054996,0.7416795073869397,1764.2413,1871.2999,2160.868296844507,2469.7111748526963
2024-08-08,3491.15,0.4793,1.0648478022033487,1.2158302859309025,2524.8324000000002,2634.1187,3717.543404662221,4244.645902727671
2024-08-09,3632.19,0.2511,0.7595765046602387,0.8695843698205231,2339.425,2495.9297,2758.9261844618727,3158.495652218406
2024-08-10,3491.64,0.2968,0.60696186847804,0.6937991023179838,1770.6527999999998,1924.1258,2119.2923384526634,2422.4966976175647
2024-08-11,3082.19,0.2161,0.48375810577217326,0.5529040738800809,1055.6834000000001,1431.6862,1491.0343960299347,1704.1554074724465
2024-08-12,2605.0,0.4742,0.9248381669754934,1.0541363968096016,1949.7799,2247.6663,2409.20342497116,2746.025313689012
2024-08-13,2920.12,0.3295,0.6871951912719549,0.7822488626628614,1815.3136,2051.7912,2006.692421937061,2284.260548839075
2024-08-14,3475.94,0.3247,0.9081,1.0340356702140039,3156.5167,3367.0769,3156.501114,3594.2459475236647
2024-08-15,2930.43,0.4003,1.4778194475697135,1.682919521879435,3975.8843,4071.3704999999995,4330.646443741715,4931.677854501153
2024-08-16,3724.97,0.3345,0.8282490832482067,0.9431317084988615,2722.0948999999996,2892.716,3085.202987627072,3513.137320207004
2024-08-17,3765.64,0.3169,0.8604,1.0127,3240.0237,3813.4109000000003,3239.9566560000003,3813.4636279999995
2024-08-18,3362.92,0.3132,0.7075033341750301,0.8049668293124547,1706.9557,1809.3327,2379.2771125638924,2707.0390496314403
2024-08-19,3940.48,0.3363,0.7624608676216433,0.8672441692020734,2277.3683,2359.7421000000004,3004.461799645733,3417.358303857386
2024-08-20,3173.4,0.3142,0.8727976897826328,0.9933139810732767,2336.0621,2491.4721,2769.736188756207,3152.1825875379363
2024-08-21,2632.52,0.2494,0.8866,1.4306,2334.0168999999996,3766.0272999999997,2333.992232,3766.0831120000003
2024-08-22,3594.11,0.2693,0.6512212978903872,0.7405092968612847,2284.1617,2558.9306,2340.5609789608197,2661.4718689421125
2024-08-23,2581.21,0.296,0.705151423691589,0.8019192105122119,1425.9116999999999,1510.0816,1820.1439063469666,2069.9218853662264
2024-08-24,3434.95,0.3265,0.6985263513787618,0.7956754281160269,1841.5841,1938.4924999999998,2399.403090668478,2733.1053118071463
2024-08-25,3082.04,0.1668,0.4028903716727471,0.4591562999433256,1076.3166999999999,1110.8984,1241.7242411102734,1415.1380826773272
2024-08-26,2879.97,0.2972,0.6726,0.7662775693343548,1937.1372999999999,2023.4067,1937.0678219999998,2206.8564113558614
2024-08-27,2254.34,0.2812,0.6540405611681379,0.7472683132252468,1268.0518,1371.2178000000001,1474.42979866378,1684.5968492362028
2024-08-28,2591.71,0.4279,1.0022009679160089,1.1487606444187906,1948.5808,2117.7763,2597.4142705575996,2977.254449746624
2024-08-29,2750.38,0.3047,0.6790451560532373,0.7784309957913123,1424.8069,1700.4535,1867.632216305703,2140.9810422045093
2024-08-30,2713.1,0.2925,0.6651820354747824,0.7619215940481603,1588.4865000000002,1691.159,1804.705380446632,2067.1694768120637
2024-08-31,2518.33,0.3156,0.6505171399737946,0.7443783730900446,1400.3081,1627.3113,1638.216829110206,1874.590388303852
2024-09-01,2281.71,0.423,1.8324,2.0963074976415847,4181.0019999999995,4777.5183,4181.005404,4783.16578044378
2024-09-02,2081.02,0.3631,0.8628882488077433,0.9878424544877621,1689.2128,1900.5219000000002,1795.6877035338898,2055.7199046381224
2024-09-03,2082.93,0.2183,0.5360949156603798,0.6121020789011039,807.954,1068.0664000000002,1116.6481826764748,1274.9657832054763
2024-09-04,2387.99,0.2942,0.7193408930948834,0.8208010357951023,1631.6684,1763.7385,1717.7788593016503,1960.0646654683462
2024-09-05,1808.81,0.4607,0.9543244843052168,1.092021185136865,725.4099,870.7361,1726.191670456119,1975.258839887413
2024-09-06,1856.81,0.3135,0.8612813956525538,0.9869503122065502,1334.0267,1357.3935,1599.2359082616183,1832.5792092082443
2024-09-07,2264.36,0.246,0.6458,0.7544,1462.4028,1708.1361,1462.3236880000002,1708.233184
2024-09-08,1470.64,0.2974,0.5850755208825091,0.6738992995299043,760.7189999999999,776.7029,860.4354640306533,991.0632658606586
2024-09-09,1573.73,0.3257,0.9102249661397468,1.0496485124306678,1355.7054,1475.204,1432.4483359631038,1651.8633534675148
2024-09-10,1508.67,0.2607,0.6937975265068722,0.7994900833910469,947.4861,987.1348,1046.711514315123,1206.1667041095707
2024-09-11,1167.32,0.2479,0.6200626848510298,0.7134920772320775,523.1536,613.2063,723.8115732803041,832.8735715945487
2024-09-12,1322.38,0.264,0.5065009431237645,0.5824647057097945,495.13259999999997,606.9540000000001,669.7867171680037,770.2396775365181
2024-09-13,2409.4,0.1825,0.38256497448219334,0.4407521971387419,704.8279,749.1587,921.7520495173967,1061.948343786085
2024-09-14,2547.43,0.2418,0.6367,0.7313903962309716,1621.9333000000001,1663.2099,1621.948681,1863.1658370706639
2024-09-15,2528.11,0.373,0.7160376164698768,0.823572189923584,1298.4252,1362.1506,1810.2218585736605,2082.081089067712
2024-09-16,2235.36,0.2033,0.7249294676144117,0.8355994933326013,1470.4632,1465.076,1620.4783347265513,1867.8656834159638
2024-09-17,2499.82,0.2522,0.6381638855762878,0.7359712333040773,1549.7074,1544.3743,1595.2948444413157,1839.7956084381988
2024-09-18,2557.17,0.2497,0.5526668550258905,0.6356425701209938,1302.4995000000001,1407.1325000000002,1413.2631016665566,1625.4461110363018
2024-09-19,3041.95,0.235,0.5216,0.5993301586758942,1586.5475999999999,1727.3244999999997,1586.6811199999997,1823.1323761841363
2024-09-20,2543.21,0.192,0.6197,0.7353,1575.9370999999999,1870.0701,1576.027237,1870.022313
2024-09-21,2658.4,0.1362,0.32480254450399904,0.37263874823963794,813.0123,755.2892999999999,863.4550843094311,990.6228483202535
2024-09-22,2795.26,0.2183,0.7197137923358904,0.8257164414931534,1981.1414,2101.5842,2011.787175164821,2308.092140248152
2024-09-23,2605.78,0.2292,0.570083166985359,0.6533660682954767,1333.5773,1310.5997,1485.511314867109,1702.5282334429874
2024-09-24,2454.64,0.4117,0.9728381588673235,1.1220529280409863,2010.7204000000002,2046.3967999999998,2387.9674582820867,2754.2359992865267
2024-09-25,2200.5,0.204,0.48492026256069526,0.5592210832451459,517.1853,630.1873999999999,1067.0670377648098,1230.5659936809434
2024-09-26,2111.55,0.2858,0.6662,0.7982,1406.7786,1685.5181,1406.7146100000002,1685.4392100000002
2024-09-27,2072.98,0.2325,0.5923083290785593,0.6825464880717326,1029.2255,1006.1903000000001,1227.843320013272,1414.9052188429403
2024-09-28,2067.11,0.311,1.040565058541183,1.1979572219826111,1912.0806000000002,2053.0235,2150.9624381610647,2476.3093531324753
2024-09-29,1826.72,0.1984,0.5026,0.5793980832828368,918.0246,1011.7896999999999,918.1094720000001,1058.3980666944237
2024-09-30,1081.84,0.2813,0.7214023191852456,0.8315792237481457,732.2405,754.9911000000001,780.4418849873659,899.635667419694
2024-10-01,1478.12,0.581,1.3366165409730857,1.540849008759297,1937.0780000000002,2005.475,1975.6796415431372,2277.559736827292
2024-10-02,1380.27,0.4527,1.2829946368290046,1.475803858792471,1480.6658,1536.5104,1770.87900737597,2037.0077921754837
2024-10-03,1685.34,0.4787,1.9372,2.2244761614584654,3264.8978,3519.2723,3264.840648,3748.9986539524098
2024-10-04,2204.58,0.4013,0.9670732997301307,1.1112545463209955,1798.4185000000002,1827.0332000000003,2131.9904551190516,2449.8495477283404
2024-10-05,2522.69,0.2569,0.6338228757237007,0.727163201326378,1350.9783,1383.6856,1598.9386303594224,1834.4073363540406
2024-10-06,2291.15,0.2628,0.6096639104236978,0.6987627781014762,1251.9847,1287.9034,1396.8314683672554,1600.9703390471973
2024-10-07,3010.51,0.3421,0.7753684357274343,0.8885437086225865,2302.2387000000003,2299.7022,2334.2544294417985,2674.969720245383
2024-10-08,2204.77,0.1185,0.3325187990491594,0.3811211722986624,650.9827,674.239,733.1274725796151,840.2845270489219
2024-10-09,1907.62,0.2518,0.5563081256572101,0.6373808491522781,914.7085000000001,931.9775000000001,1061.2245066662072,1215.8804554598687
2024-10-10,2347.66,0.2073,0.7079,0.8101038890857546,1661.9097,1750.5324,1661.9085139999997,1901.8484962510624
2024-10-11,2649.74,0.1726,0.41835576268131597,0.47923861014119995,881.6931000000001,899.2477,1108.5339986071901,1269.857714835543
2024-10-12,2565.81,0.212,0.6288,0.7209675100267773,1613.4489,1673.3193,1613.381328,1849.8656469018053
2024-10-13,2347.12,0.2384,0.7792,0.8963447035658463,1828.8557999999998,1857.3995999999997,1828.875904,2103.828580633469
2024-10-14,2524.05,0.1702,0.4479,0.5152281469438543,1130.6245,1153.2042999999999,1130.521995,1300.4616042936357
2024-10-15,2061.64,0.2551,0.6009425863726875,0.6918921107879601,1163.3948999999998,1166.6320999999998,1238.9272737693873,1426.43245128489
2024-10-16,2234.17,0.2299,0.7934,0.9134955563062048,1772.5387,1772.5387,1772.590478,2040.9043670326337
2024-10-17,1607.77,0.2038,0.6103,0.703485559488668,981.2484,981.2484,981.2220309999999,1131.0429779790957
2024-10-18,1559.3,0.2855,0.951,1.0959530820267713,1482.9655,1482.9655,1482.8943,1708.9196408043445
2024-10-19,1200.68,0.2769,0.7326736945086816,0.8424748631565417,785.7653,785.7653,879.7066515226838,1011.5427186947966
2024-10-20,1283.55,0.2788,0.5594,0.6433210000169409,718.0169999999999,718.0169999999999,718.01787,825.7346695717445
2024-10-21,1724.91,0.2896,0.6779935571557314,0.7804330748749492,1014.3244000000001,1014.3244000000001,1169.4778666734926,1346.1768151825486
2024-10-22,1857.72,0.2364,0.7057,0.8129734079076579,1310.9095,1310.9095,1310.993004,1510.2769593382143
2024-10-23,2032.25,0.2406,0.5596080014287181,0.6454798660061145,1030.656,1030.656,1137.2633609035124,1311.7764576909262
2024-10-24,2151.57,0.2641,0.6377925760095502,0.7349207702166444,1271.7945,1271.7945,1372.255372764868,1581.2334815750257
2024-10-25,2378.58,0.2265,0.5590002362583744,0.6438078253149668,1295.0509,1295.0509,1329.626781959444,1531.3484171376738
2024-10-26,2329.87,0.368,0.9226,1.0694183902254588,2149.5921,2149.5921,2149.5380619999996,2491.60582483459
2024-10-27,1859.89,0.3253,0.8536052358389499,0.9885210458923365,1314.3359999999998,1314.3359999999998,1587.6118420845046,1838.5404080446979
2024-10-28,1905.12,0.2728,0.7443666440165737,0.8615097598144767,1271.4412,1271.4412,1418.1077808488549,1641.279473617756
2024-10-29,2327.38,0.2703,0.5868353940490313,0.6815248865394979,1353.4273,1353.4273,1365.7889594018345,1586.1673904342967
2024-10-30,1790.75,0.3191,0.8277023112127313,0.9626480524020106,-47.44900000000007,-45.112100000000055,1482.2079138041986,1723.8619998389004
2024-10-31,1880.55,0.2889,0.6401695293532154,0.7456635270564395,898.0427,898.0427,1203.8708084251891,1402.257545805987
2024-11-01,1581.76,0.3286,0.7417888111794723,0.864264274645854,1014.6043999999999,1014.6043999999999,1173.331869971242,1367.0586590638259
2024-11-02,2085.3,0.2394,0.5970491187414314,0.6942252016829745,1213.8247000000001,1213.8247000000001,1245.026527311507,1447.6678130695068
2024-11-03,2139.64,0.2932,0.7223880139637131,0.8397171082189957,1505.3978,1505.3978,1545.650290197319,1796.692313429692
2024-11-04,2613.5,0.3269,0.6719636594885384,0.7807572033720276,1753.4174,1753.4174,1756.1770240732951,2040.5089510127941
2024-11-05,2198.7,0.3264,0.691805815629223,0.7921485004305708,1357.461,1357.461,1521.0734468239725,1741.6969078966958
2024-11-06,2090.57,0.2579,0.7328265389985513,0.8376717671668661,1258.3476999999998,1258.3476999999998,1532.0251776342016,1751.2114662860354
2024-11-07,1989.63,0.2836,0.5338906568323749,0.6096375142641799,1060.9157999999998,1076.1949,1062.244867553398,1212.9530875054404
2024-11-08,2382.13,0.3975,0.8456800892820625,0.9665480726403851,1676.4815999999998,1676.4815999999998,2014.5199110814797,2302.443160278841
2024-11-09,2197.43,0.3944,0.8027206036366553,0.9173821789283962,1567.5459,1567.5459,1763.9223360492954,2015.8831214426257
2024-11-10,2064.77,0.2715,0.5690298938635818,0.6519584424105136,1106.5005,1106.5005,1174.915853952708,1346.1442331359563
2024-11-11,2039.72,0.2832,0.6155995285472885,0.7045220652404177,1160.7009,1160.7009,1255.6506703684754,1437.0277469121847
2024-11-12,2347.07,0.4948,1.1304346519761,1.2915480047955623,2288.1511,2288.1511,2653.209258613545,3031.3535756155206
2024-11-13,1925.34,0.2469,0.5602128200618096,0.6395467000340979,920.8092,920.8092,1078.6001509778046,1231.34484344365
2024-11-14,2216.69,0.276,0.6177488951387801,0.7034194032279413,1306.97,1306.97,1369.3577983651824,1559.2627569413453
2024-11-15,2232.16,0.3467,0.6696981089227975,0.7606708183024569,1006.4626,1006.4626,1494.8733308131116,1697.938973782012
2024-11-16,2108.9,0.386,0.8370962076964554,0.9494321414695839,1547.4613,1548.5959,1765.3521924110548,2002.2574431452056
2024-11-17,2698.62,0.1957,0.4404391707009048,0.49944222527405946,1003.4099,1003.4099,1188.5779548368757,1347.8047779690824
2024-11-18,2998.1,0.2751,0.5977997580657063,0.6730063627541872,1288.1230999999998,1288.1230999999998,1792.263454656794,2017.7403761733287
2024-11-19,2861.43,0.2256,0.543501344014183,0.6098249724517404,1432.7413999999999,1432.7413999999999,1555.1910508025037,1744.9714709225834
2024-11-20,2985.77,0.2752,0.6808758946765178,0.765623544475996,1747.4901,1747.4901,2032.9388200483065,2285.9758103900945
2024-11-21,2531.8,0.2084,0.43062246684313005,0.48583143875414214,987.5018999999999,987.5018999999999,1090.2499615534368,1230.0280366377372
2024-11-22,2567.62,0.2433,0.5258266806314493,0.5936522946984626,1175.6312,1175.6312,1350.1231017229218,1524.2735049136666
2024-11-23,2206.26,0.2322,0.771359419312609,0.8723470225296646,1554.5962,1554.5962,1701.8194324526369,1924.624341926298
2024-11-24,2019.66,0.21,0.4538266456940315,0.5136020627504206,702.1473,702.1473,916.5755232424077,1037.3015420545146
2024-11-25,1769.28,0.143,0.5152144011654619,0.5827552346478715,843.8546,843.8546,911.5585356940285,1031.057181557786
2024-11-26,1726.91,0.1858,0.4227056465123359,0.47735636128818,642.2817,642.2817,729.974608018618,824.3514738721709
2024-11-27,2182.62,0.2263,0.596879640028214,0.673672860583447,1210.5781,1210.5781,1302.7614399183803,1470.371858966643
2024-11-28,1246.73,0.3453,0.5685241681193854,0.6419411539439044,637.3739999999999,637.3739999999999,708.7961361194814,800.327294856484
2024-11-29,1787.38,0.1668,0.4127849228177055,0.4693031993296329,658.5089,659.0067,737.8035153459106,838.8231524177993
2024-11-30,2046.04,0.2035,0.4635234766691327,0.5274681592987452,829.5308,829.5308,948.3875742041122,1079.2209526516046
2024-12-01,1878.63,0.3059,0.6316861506274436,0.7193150779940547,1029.0321000000001,1029.8239,1186.7045531532344,1351.3268849719711
2024-12-02,1844.91,0.2171,0.4584976422489565,0.5211672176787238,751.3559,751.3559,845.8868851615224,961.5066115676543
2024-12-03,1998.65,0.2104,0.4453298622369015,0.5062237421012161,782.9659,782.9659,890.0585291597832,1011.7640821505956
2024-12-04,2058.46,0.2825,1.1360472351904225,1.2833013069517123,2058.3301,2058.3301,2338.507791750077,2641.624408307822
2024-12-05,2020.46,0.3938,0.7975374024513538,0.9000672213865452,1376.1108,1376.1108,1611.3924201568625,1818.549818122659
2024-12-06,2051.36,0.2584,0.5314163808881451,0.6010772057189785,957.4324,957.4324,1090.1263070987054,1233.0257367236838
2024-12-07,1605.5,0.2268,0.5705200738814596,0.6413553304829657,747.0658,747.0658,915.9699786166834,1029.6959830904013
2024-12-08,1659.88,0.2103,0.5960400208416673,0.6706084956313859,850.9540999999999,850.9540999999999,989.3549097946668,1113.1296297286249
2024-12-09,1867.58,0.3577,0.8164050415887946,0.9169770746768101,1293.7737000000002,1293.7737000000002,1524.7017275704009,1712.528045124917
2024-12-10,1908.02,0.2357,0.7140746841919055,0.8015338248497406,1156.0859,1156.0859,1362.4687789318393,1529.342568489802
2024-12-11,2092.6,0.3054,0.3465402098456326,0.3890466164941324,615.6813,615.6813,725.1700431229708,814.1189496756215
2024-12-12,1653.8,0.3843,0.8577194005368816,0.9697306556995199,1136.1603,1136.1603,1418.4963446078948,1603.740558395866
2024-12-13,2558.81,0.3253,0.7103847446007788,0.803561044477384,1529.5929999999998,1531.9193,1817.7395883319189,2056.160036219175
2024-12-14,1939.71,0.2528,0.6109585736255271,0.6909153261432711,945.327,945.327,1185.0824548471712,1340.1753672733644
2024-12-15,2102.03,0.2102,0.48597611978049965,0.5498706183638472,641.357,641.357,1021.5363830622038,1155.844535919358
2024-12-16,2715.75,0.318,0.6876151053598729,0.7789146592017092,1331.6424000000002,1331.6424000000002,1867.390722381075,2115.337485727042
2024-12-17,1583.86,0.3362,0.8238904805640906,0.9340184440213981,1066.9714000000001,1066.9714000000001,1304.9271765462406,1479.3544527477316
